Benchmark,time,Nexps,objective,operating time ratio of the reactors,scheduling mode,Nreactors,operating time ratio of the analyzers,condition,random_seed,regret
A2,1044.636603,40,0.616996759,0.505377079,SRBA,5,0.382908275,"[[82.5089693069458, 100.0, 4.175, 'e']]",4313,0.000470241
A2,1015.285548,35,0.617463761,0.529736989,SRBA,5,0.344730604,"[[81.48930072784424, 100.0, 4.175, 'e']]",2929,3.24E-06
A2,1381.914693,50,0.617456548,0.498214245,SRBA,5,0.361816835,"[[81.69187068939209, 100.0, 4.175, 'e']]",8313,1.05E-05
A2,1461.63152,55,0.617466059,0.525963035,SRBA,5,0.37629183,"[[81.56111240386963, 100.0, 4.175, 'e']]",9494,9.41E-07
A2,1330.084541,55,0.61729208,0.492057901,SRBA,5,0.41350755,"[[80.97588539123535, 100.0, 4.175, 'e']]",6444,0.00017492
A2,1356.491013,50,0.617427518,0.457360682,SRBA,5,0.368598092,"[[81.28305435180664, 100.0, 4.175, 'e']]",5427,3.95E-05
A2,1153.298471,44,0.617430981,0.522533505,SRBA,5,0.381514422,"[[81.29560947418213, 100.0, 4.175, 'e']]",7140,3.60E-05
A2,1021.885572,35,0.61741678,0.543096439,SRBA,5,0.342504102,"[[81.24734878540039, 100.0, 4.175, 'e']]",4889,5.02E-05
A2,1006.287023,35,0.617380671,0.513338392,SRBA,5,0.34781329,"[[81.1496639251709, 100.0, 4.175, 'e']]",247,8.63E-05
A2,879.2433545,30,0.617403451,0.585859003,SRBA,5,0.341202465,"[[81.20808601379395, 100.0, 4.175, 'e']]",9311,6.35E-05
A2,1104.081509,40,0.61746265,0.543607573,SRBA,5,0.362292092,"[[81.63751125335693, 100.0, 4.175, 'e']]",7453,4.35E-06
A2,1369.775209,50,0.617450612,0.510999175,SRBA,5,0.365023397,"[[81.72906875610352, 100.0, 4.175, 'e']]",4054,1.64E-05
A2,1507.129041,55,0.617437923,0.473214736,SRBA,5,0.364932255,"[[81.78947448730469, 100.0, 4.175, 'e']]",742,2.91E-05
A2,1144.469227,50,0.617139208,0.477380586,SRBA,5,0.436883743,"[[82.35127925872803, 100.0, 4.175, 'e']]",4945,0.000327792
A2,1215.369358,44,0.617441645,0.535638891,SRBA,5,0.362029861,"[[81.33878231048584, 100.0, 4.175, 'e']]",9623,2.54E-05
A2,897.8738861,35,0.617165517,0.551767132,SRBA,5,0.389809755,"[[82.31860160827637, 100.0, 4.175, 'e']]",5966,0.000301483
A2,1179.365144,39,0.617460238,0.528591427,SRBA,5,0.330686388,"[[81.66237831115723, 100.0, 4.175, 'e']]",3130,6.76E-06
A2,1326.270863,45,0.617257843,0.520977058,SRBA,5,0.339297207,"[[82.19076156616211, 100.0, 4.175, 'e']]",6574,0.000209157
A2,1156.738143,44,0.617466031,0.509281169,SRBA,5,0.380379952,"[[81.56506538391113, 100.0, 4.175, 'e']]",9297,9.69E-07
A2,1118.910786,39,0.617405763,0.490682315,SRBA,5,0.348553258,"[[81.89767360687256, 100.0, 4.175, 'e']]",6622,6.12E-05
A2,1025.155015,40,0.617291429,0.492840974,SRBA,5,0.390184893,"[[82.13732719421387, 100.0, 4.175, 'e']]",5710,0.000175571
A2,1093.890598,40,0.617017582,0.524279798,SRBA,5,0.36566728,"[[80.62426090240479, 100.0, 4.175, 'e']]",9452,0.000449418
A2,1055.784381,40,0.617456213,0.512846057,SRBA,5,0.378865237,"[[81.41805648803711, 100.0, 4.175, 'e']]",8451,1.08E-05
A2,1127.278248,40,0.61746131,0.519446173,SRBA,5,0.354836972,"[[81.65211200714111, 100.0, 4.175, 'e']]",4203,5.69E-06
A2,1288.574474,45,0.617465113,0.476436381,SRBA,5,0.349223122,"[[81.5992259979248, 100.0, 4.175, 'e']]",7692,1.89E-06
A2,1274.722581,45,0.617465331,0.513770301,SRBA,5,0.353017987,"[[81.51829242706299, 100.0, 4.175, 'e']]",9181,1.67E-06
A2,1208.956208,45,0.617417837,0.526821666,SRBA,5,0.372221919,"[[81.25067710876465, 100.0, 4.175, 'e']]",2103,4.92E-05
A2,1316.152524,50,0.617455397,0.507202507,SRBA,5,0.37989518,"[[81.41245365142822, 100.0, 4.175, 'e']]",8879,1.16E-05
A2,1014.359593,35,0.617455823,0.496641594,SRBA,5,0.34504529,"[[81.69694423675537, 100.0, 4.175, 'e']]",5459,1.12E-05
A2,1380.685459,55,0.616903412,0.463258823,SRBA,5,0.398352859,"[[82.59947776794434, 100.0, 4.175, 'e']]",1449,0.000563588
A2,1210.333304,47,0.615503701,0.552003577,SRBA-PI,5,0.330487477,"[[83.50616931915283, 100.0, 4.175, 'e']]",4313,0.001963299
A2,992.3055064,37,0.615538103,0.560229188,SRBA-PI,5,0.302326247,"[[79.62153434753418, 100.0, 4.175, 'e']]",2929,0.001928897
A2,909.3219828,36,0.615852738,0.504597904,SRBA-PI,5,0.362907756,"[[83.32387924194336, 100.0, 4.175, 'e']]",8313,0.001614262
A2,1014.72262,39,0.615442065,0.544850749,SRBA-PI,5,0.344921847,"[[83.53663444519043, 100.0, 4.175, 'e']]",9494,0.002024935
A2,934.5871564,40,0.617314564,0.485434248,SRBA-PI,5,0.395896731,"[[82.0974588394165, 100.0, 4.175, 'e']]",6444,0.000152436
A2,1423.443336,51,0.617445861,0.50817237,SRBA-PI,5,0.323160036,"[[81.7538595199585, 100.0, 4.175, 'e']]",5427,2.11E-05
A2,858.6699183,34,0.616124811,0.535456987,SRBA-PI,5,0.372669396,"[[79.94330883026123, 100.0, 4.175, 'e']]",7140,0.001342189
A2,769.7516663,28,0.617400144,0.574163407,SRBA-PI,5,0.337771273,"[[81.91322803497314, 100.0, 4.175, 'e']]",4889,6.69E-05
A2,890.400902,33,0.617376894,0.550262814,SRBA-PI,5,0.348157778,"[[81.97144508361816, 100.0, 4.175, 'e']]",247,9.01E-05
A2,1119.795392,42,0.617421181,0.547051584,SRBA-PI,5,0.294696694,"[[81.26145839691162, 100.0, 4.175, 'e']]",9311,4.58E-05
A2,1094.081509,43,0.617399638,0.527541302,SRBA-PI,5,0.3473233,"[[81.1976432800293, 100.0, 4.175, 'e']]",7453,6.74E-05
A2,1289.929643,44,0.617451869,0.507871861,SRBA-PI,5,0.317846793,"[[81.39039993286133, 100.0, 4.175, 'e']]",4054,1.51E-05
A2,1295.488528,47,0.616687737,0.506900481,SRBA-PI,5,0.331921117,"[[82.78338432312012, 100.0, 4.175, 'e']]",742,0.000779263
A2,963.3512603,43,0.614783519,0.468325584,SRBA-PI,5,0.394456327,"[[79.27277088165283, 100.0, 4.175, 'e']]",4945,0.002683481
A2,794.8706832,30,0.617441208,0.563030871,SRBA-PI,5,0.377419883,"[[81.77544116973877, 100.0, 4.175, 'e']]",9623,2.58E-05
A2,979.481372,39,0.616311531,0.545021522,SRBA-PI,5,0.336912992,"[[80.06001472473145, 100.0, 4.175, 'e']]",5966,0.001155469
A2,1059.365144,40,0.61681613,0.540157621,SRBA-PI,5,0.33982617,"[[82.6775312423706, 100.0, 4.175, 'e']]",3130,0.00065087
A2,1616.270863,54,0.617157202,0.472185499,SRBA-PI,5,0.272231598,"[[80.78290939331055, 100.0, 4.175, 'e']]",6574,0.000309798
A2,930.0075098,34,0.617465305,0.516463083,SRBA-PI,5,0.344083243,"[[81.51764392852783, 100.0, 4.175, 'e']]",9297,1.70E-06
A2,1058.647122,37,0.616917421,0.483963514,SRBA-PI,5,0.330610638,"[[80.52534103393555, 100.0, 4.175, 'e']]",6622,0.000549579
A2,1107.835295,41,0.61746561,0.458790748,SRBA-PI,5,0.324958052,"[[81.52627468109131, 100.0, 4.175, 'e']]",5710,1.39E-06
A2,983.7661839,35,0.61715846,0.52241283,SRBA-PI,5,0.345610579,"[[80.7844877243042, 100.0, 4.175, 'e']]",9452,0.00030854
A2,899.6907682,31,0.61598874,0.496834775,SRBA-PI,5,0.311218043,"[[83.24759006500244, 100.0, 4.175, 'e']]",8451,0.00147826
A2,839.0235672,27,0.617341666,0.513126346,SRBA-PI,5,0.309884025,"[[82.04666137695312, 100.0, 4.175, 'e']]",4203,0.000125334
A2,923.061813,34,0.617455728,0.535460685,SRBA-PI,5,0.346672341,"[[81.41469955444336, 100.0, 4.175, 'e']]",7692,1.13E-05
A2,973.7023881,32,0.617231174,0.521067684,SRBA-PI,5,0.308102356,"[[82.23018169403076, 100.0, 4.175, 'e']]",9181,0.000235826
A2,1037.339006,39,0.616972354,0.542633802,SRBA-PI,5,0.337401754,"[[82.53344058990479, 100.0, 4.175, 'e']]",2103,0.000494646
A2,1121.208125,35,0.61666071,0.479573785,SRBA-PI,5,0.294325373,"[[82.80452728271484, 100.0, 4.175, 'e']]",8879,0.00080629
A2,1126.224983,37,0.617458501,0.510065705,SRBA-PI,5,0.310772719,"[[81.43513679504395, 100.0, 4.175, 'e']]",5459,8.50E-06
A2,1231.152279,46,0.617449384,0.482291127,SRBA-PI,5,0.316776411,"[[81.73580646514893, 100.0, 4.175, 'e']]",1449,1.76E-05
A2,862.6865323,40,0.614255811,0.576634326,SRIA,5,0.463667839,"[[79.05724048614502, 100.0, 4.175, 'e']]",4313,0.003211189
A2,1088.801438,44,0.617465788,0.57118615,SRIA,5,0.404114088,"[[81.57958984375, 100.0, 4.175, 'e']]",2929,1.21E-06
A2,1016.224285,45,0.617455016,0.577956177,SRIA,5,0.442815633,"[[81.70238018035889, 100.0, 4.175, 'e']]",8313,1.20E-05
A2,1309.542752,54,0.617464744,0.578422094,SRIA,5,0.412357672,"[[81.50546550750732, 100.0, 4.175, 'e']]",9494,2.26E-06
A2,1003.709522,50,0.617274472,0.513973563,SRIA,5,0.498152094,"[[80.94721794128418, 100.0, 4.175, 'e']]",6444,0.000192528
A2,1132.625527,50,0.617466055,0.586889984,SRIA,5,0.441452173,"[[81.56190872192383, 100.0, 4.175, 'e']]",5427,9.45E-07
A2,987.7336232,45,0.6173991,0.580890967,SRIA,5,0.455588419,"[[81.19619369506836, 100.0, 4.175, 'e']]",7140,6.79E-05
A2,836.1191306,35,0.614138754,0.650435114,SRIA,5,0.418600636,"[[83.95796775817871, 100.0, 4.164057277431657, 'e']]",4889,0.003328246
A2,882.9276779,40,0.617465312,0.595348177,SRIA,5,0.453038239,"[[81.59450054168701, 100.0, 4.175, 'e']]",247,1.69E-06
A2,971.0174435,44,0.617461678,0.577187484,SRIA,5,0.453132951,"[[81.4639663696289, 100.0, 4.175, 'e']]",9311,5.32E-06
A2,1228.899505,50,0.617465273,0.575624504,SRIA,5,0.406868095,"[[81.59546852111816, 100.0, 4.175, 'e']]",7453,1.73E-06
A2,1074.203693,45,0.617465669,0.618169781,SRIA,5,0.418914963,"[[81.5282392501831, 100.0, 4.175, 'e']]",4054,1.33E-06
A2,1087.641516,50,0.616228019,0.560907524,SRIA,5,0.459710293,"[[83.10434341430664, 100.0, 4.175, 'e']]",742,0.001238981
A2,989.4267307,50,0.617444762,0.532111624,SRIA,5,0.505343129,"[[81.35312080383301, 100.0, 4.175, 'e']]",4945,2.22E-05
A2,1050.754084,45,0.616812355,0.609417074,SRIA,5,0.42826386,"[[80.43085098266602, 100.0, 4.175, 'e']]",9623,0.000654645
A2,749.0819575,35,0.617416556,0.580415905,SRIA,5,0.467238593,"[[81.24664783477783, 100.0, 4.175, 'e']]",5966,5.04E-05
A2,956.2199258,40,0.617465312,0.591678826,SRIA,5,0.41831381,"[[81.51781558990479, 100.0, 4.175, 'e']]",3130,1.69E-06
A2,1089.469114,45,0.615995425,0.594035003,SRIA,5,0.413045211,"[[83.2437515258789, 100.0, 4.175, 'e']]",6574,0.001471575
A2,874.7446181,40,0.617464628,0.589558484,SRIA,5,0.45727632,"[[81.50331974029541, 100.0, 4.175, 'e']]",9297,2.37E-06
A2,1078.976894,44,0.617465432,0.524275824,SRIA,5,0.407793719,"[[81.59133434295654, 100.0, 4.175, 'e']]",6622,1.57E-06
A2,1168.109717,50,0.6171029,0.586502993,SRIA,5,0.428041983,"[[82.39428997039795, 100.0, 4.175, 'e']]",5710,0.0003641
A2,1015.665258,45,0.616978377,0.59027033,SRIA,5,0.443059361,"[[80.5843448638916, 100.0, 4.175, 'e']]",9452,0.000488623
A2,903.4849302,40,0.614399883,0.585348306,SRIA,5,0.442730129,"[[79.11422729492188, 100.0, 4.175, 'e']]",8451,0.003067117
A2,853.1449447,35,0.617448915,0.589545487,SRIA,5,0.410246819,"[[81.73830986022949, 100.0, 4.175, 'e']]",4203,1.81E-05
A2,862.798014,35,0.616637868,0.611866101,SRIA,5,0.405656937,"[[82.82212257385254, 100.0, 4.175, 'e']]",7692,0.000829132
A2,998.1373812,40,0.617446378,0.615189744,SRIA,5,0.400746438,"[[81.36096954345703, 100.0, 4.175, 'e']]",9181,2.06E-05
A2,999.1463737,40,0.617443315,0.659942269,SRIA,5,0.400341742,"[[81.34634017944336, 100.0, 4.175, 'e']]",2103,2.37E-05
A2,1235.675545,55,0.616379904,0.551778648,SRIA,5,0.445100659,"[[83.00614356994629, 100.0, 4.175, 'e']]",8879,0.001087096
A2,934.4885336,40,0.617442387,0.586506379,SRIA,5,0.428041635,"[[81.34210586547852, 100.0, 4.175, 'e']]",5459,2.46E-05
A2,1183.124818,55,0.616438612,0.536798194,SRIA,5,0.464870647,"[[82.96636581420898, 100.0, 4.175, 'e']]",1449,0.001028388
A2,877.5023466,37,0.617310307,0.609667303,SRIA-PI,5,0.398859332,"[[82.10501194000244, 100.0, 4.175, 'e']]",4313,0.000156693
A2,1221.417966,52,0.617245223,0.622725217,SRIA-PI,5,0.360237046,"[[82.2097110748291, 100.0, 4.175, 'e']]",2929,0.000221777
A2,1031.789751,39,0.616635473,0.550513613,SRIA-PI,5,0.348908292,"[[82.82395362854004, 100.0, 4.175, 'e']]",8313,0.000831527
A2,1025.217501,40,0.612585112,0.577247794,SRIA-PI,5,0.360899028,"[[84.6377420425415, 100.0, 4.175, 'e']]",9494,0.004881888
A2,915.3010972,42,0.617397305,0.553739599,SRIA-PI,5,0.426089296,"[[81.19140148162842, 100.0, 4.175, 'e']]",6444,6.97E-05
A2,1002.8589,48,0.617448991,0.642957971,SRIA-PI,5,0.3988597,"[[81.3743782043457, 100.0, 4.175, 'e']]",5427,1.80E-05
A2,739.0388448,35,0.617201794,0.596485568,SRIA-PI,5,0.419463743,"[[80.84093570709229, 100.0, 4.175, 'e']]",7140,0.000265206
A2,891.5246613,38,0.617393405,0.632190469,SRIA-PI,5,0.358935668,"[[81.93103313446045, 100.0, 4.175, 'e']]",4889,7.36E-05
A2,738.3338115,28,0.613287914,0.661840921,SRIA-PI,5,0.352144241,"[[82.57043838500977, 100.0, 4.06441605803964, 'e']]",247,0.004179086
A2,845.219829,31,0.616680796,0.526329377,SRIA-PI,5,0.36676849,"[[82.78884887695312, 100.0, 4.175, 'e']]",9311,0.000786204
A2,1094.161063,48,0.617464952,0.571185549,SRIA-PI,5,0.374716314,"[[81.60268783569336, 100.0, 4.175, 'e']]",7453,2.05E-06
A2,1055.189961,44,0.61744598,0.580567364,SRIA-PI,5,0.341170797,"[[81.75327777862549, 100.0, 4.175, 'e']]",4054,2.10E-05
A2,998.0766368,42,0.615421909,0.570739681,SRIA-PI,5,0.400770828,"[[79.56390380859375, 100.0, 4.175, 'e']]",742,0.002045091
A2,867.4971217,42,0.617167539,0.486863829,SRIA-PI,5,0.472624047,"[[82.31603145599365, 100.0, 4.175, 'e']]",4945,0.000299461
A2,1216.419824,54,0.617444145,0.640025736,SRIA-PI,5,0.34527553,"[[81.3502025604248, 100.0, 4.175, 'e']]",9623,2.29E-05
A2,787.7411146,36,0.616718668,0.586890154,SRIA-PI,5,0.431613881,"[[80.35281181335449, 100.0, 4.175, 'e']]",5966,0.000748332
A2,765.6681335,32,0.616615434,0.654820335,SRIA-PI,5,0.352633195,"[[82.8391695022583, 100.0, 4.175, 'e']]",3130,0.000851566
A2,974.3666249,37,0.615511448,0.565917029,SRIA-PI,5,0.338681551,"[[83.50230693817139, 100.0, 4.175, 'e']]",6574,0.001955552
A2,816.679485,36,0.61715819,0.613212424,SRIA-PI,5,0.428564702,"[[80.78414916992188, 100.0, 4.175, 'e']]",9297,0.00030881
A2,716.6543559,29,0.616754421,0.543927795,SRIA-PI,5,0.376750658,"[[80.38198471069336, 100.0, 4.175, 'e']]",6622,0.000712579
A2,706.6189692,32,0.617188331,0.541789302,SRIA-PI,5,0.438708857,"[[80.82293510437012, 100.0, 4.175, 'e']]",5710,0.000278669
A2,955.4668517,42,0.617402601,0.600337641,SRIA-PI,5,0.376779162,"[[81.20573043823242, 100.0, 4.175, 'e']]",9452,6.44E-05
A2,672.1648404,28,0.617296583,0.610218045,SRIA-PI,5,0.386809878,"[[82.12868690490723, 100.0, 4.175, 'e']]",8451,0.000170417
A2,952.6668864,40,0.617462288,0.603942383,SRIA-PI,5,0.367389698,"[[81.64170265197754, 100.0, 4.175, 'e']]",4203,4.71E-06
A2,788.3566139,32,0.616272379,0.640662342,SRIA-PI,5,0.36785383,"[[83.07631492614746, 100.0, 4.175, 'e']]",7692,0.001194621
A2,856.8807843,33,0.617411532,0.657758995,SRIA-PI,5,0.338436811,"[[81.88092708587646, 100.0, 4.175, 'e']]",9181,5.55E-05
A2,843.5753462,34,0.617395193,0.546937484,SRIA-PI,5,0.403046392,"[[81.18584156036377, 100.0, 4.175, 'e']]",2103,7.18E-05
A2,1001.722222,39,0.617232657,0.561266317,SRIA-PI,5,0.389329488,"[[82.2280502319336, 100.0, 4.175, 'e']]",8879,0.000234343
A2,847.2209042,37,0.616843845,0.612203698,SRIA-PI,5,0.377705506,"[[80.4583215713501, 100.0, 4.175, 'e']]",5459,0.000623155
A2,929.9932801,41,0.617388956,0.564914439,SRIA-PI,5,0.397852337,"[[81.94233894348145, 100.0, 4.175, 'e']]",1449,7.80E-05
A2,887.7786209,54,0.617465715,0.771286043,ARIA,5,0.608259748,"[[81.52987003326416, 100.0, 4.175, 'e']]",4313,1.29E-06
A2,1182.386601,61,0.617371707,0.816588746,ARIA,5,0.515905711,"[[81.9833517074585, 100.0, 4.175, 'e']]",2929,9.53E-05
A2,1064.059956,59,0.617462725,0.827512969,ARIA,5,0.554480033,"[[81.63661003112793, 100.0, 4.175, 'e']]",8313,4.28E-06
A2,1148.377581,58,0.617162816,0.776106194,ARIA,5,0.505060365,"[[82.32202053070068, 100.0, 4.175, 'e']]",9494,0.000304184
A2,1138.998545,66,0.616726749,0.779788005,ARIA,5,0.579456403,"[[82.7522087097168, 100.0, 4.175, 'e']]",6444,0.000740251
A2,1064.449746,53,0.616817228,0.799704369,ARIA,5,0.497909837,"[[82.67658233642578, 100.0, 4.175, 'e']]",5427,0.000649772
A2,1082.826868,57,0.616946372,0.793596064,ARIA,5,0.526399942,"[[82.55883693695068, 100.0, 4.175, 'e']]",7140,0.000520628
A2,961.9907056,47,0.617453334,0.800801822,ARIA,5,0.488570209,"[[81.39918327331543, 100.0, 4.175, 'e']]",4889,1.37E-05
A2,947.836435,45,0.617456865,0.800236745,ARIA,5,0.474765459,"[[81.42271041870117, 100.0, 4.175, 'e']]",247,1.01E-05
A2,899.2433545,43,0.617442673,0.778308737,ARIA,5,0.478179792,"[[81.7688798904419, 100.0, 4.175, 'e']]",9311,2.43E-05
A2,1245.41946,61,0.616988156,0.805777825,ARIA,5,0.48979482,"[[82.51766681671143, 100.0, 4.175, 'e']]",7453,0.000478844
A2,820.3388079,41,0.617452067,0.815080144,ARIA,5,0.499793495,"[[81.72072887420654, 100.0, 4.175, 'e']]",4054,1.49E-05
A2,1128.321642,63,0.617465798,0.831815258,ARIA,5,0.558351428,"[[81.5331506729126, 100.0, 4.175, 'e']]",742,1.20E-06
A2,978.5465526,57,0.617324614,0.733421361,ARIA,5,0.582496559,"[[82.0792007446289, 100.0, 4.175, 'e']]",4945,0.000142386
A2,1220.571999,66,0.617402208,0.799919849,ARIA,5,0.540730084,"[[81.2046480178833, 100.0, 4.175, 'e']]",9623,6.48E-05
A2,820.5140056,46,0.616329441,0.792978624,ARIA,5,0.56062419,"[[80.07168769836426, 100.0, 4.175, 'e']]",5966,0.001137559
A2,997.7276493,49,0.617428269,0.816166862,ARIA,5,0.491115988,"[[81.28572463989258, 100.0, 4.175, 'e']]",3130,3.87E-05
A2,1386.725412,68,0.617384649,0.757945691,ARIA,5,0.490363841,"[[81.95297718048096, 100.0, 4.175, 'e']]",6574,8.24E-05
A2,935.4442407,50,0.617353579,0.775638811,ARIA,5,0.534505402,"[[82.02258586883545, 100.0, 4.175, 'e']]",9297,0.000113421
A2,853.2606653,43,0.616951316,0.832923491,ARIA,5,0.503949165,"[[82.5540542602539, 100.0, 4.175, 'e']]",6622,0.000515684
A2,1405.002774,80,0.617245115,0.761742472,ARIA,5,0.569393893,"[[80.90220928192139, 100.0, 4.175, 'e']]",5710,0.000221885
A2,947.8472635,51,0.617461497,0.814806539,ARIA,5,0.538061373,"[[81.462082862854, 100.0, 4.175, 'e']]",9452,5.50E-06
A2,1526.134185,80,0.617435312,0.803949705,ARIA,5,0.524200302,"[[81.31221771240234, 100.0, 4.175, 'e']]",8451,3.17E-05
A2,1125.292081,54,0.617355391,0.830109724,ARIA,5,0.479875411,"[[82.01881408691406, 100.0, 4.175, 'e']]",4203,0.000111609
A2,1051.517284,51,0.617449591,0.811768811,ARIA,5,0.485013425,"[[81.73468589782715, 100.0, 4.175, 'e']]",7692,1.74E-05
A2,1130.977428,56,0.616852823,0.828693169,ARIA,5,0.495146929,"[[80.46627998352051, 100.0, 4.175, 'e']]",9181,0.000614177
A2,1032.705882,55,0.617465814,0.768274188,ARIA,5,0.532581454,"[[81.53383255004883, 100.0, 4.175, 'e']]",2103,1.19E-06
A2,1065.995048,54,0.617428342,0.78295456,ARIA,5,0.506568957,"[[81.82628154754639, 100.0, 4.175, 'e']]",8879,3.87E-05
A2,906.0763943,44,0.617464169,0.825861304,ARIA,5,0.485610267,"[[81.49547576904297, 100.0, 4.175, 'e']]",5459,2.83E-06
A2,1182.42667,60,0.617457236,0.727735209,ARIA,5,0.507431044,"[[81.42541885375977, 100.0, 4.175, 'e']]",1449,9.76E-06
A2,795.951986,48,0.617414701,0.783017624,ARIA-PI,5,0.477415732,"[[81.87135219573975, 100.0, 4.175, 'e']]",4313,5.23E-05
A2,973.3932511,59,0.617436599,0.848389609,ARIA-PI,5,0.493120329,"[[81.79490089416504, 100.0, 4.175, 'e']]",2929,3.04E-05
A2,907.9054927,52,0.617336961,0.80799097,ARIA-PI,5,0.451588853,"[[81.05632305145264, 100.0, 4.175, 'e']]",8313,0.000130039
A2,941.0930349,54,0.616996327,0.770860307,ARIA-PI,5,0.435663622,"[[82.50940799713135, 100.0, 4.175, 'e']]",9494,0.000470673
A2,888.9697878,57,0.61720535,0.738032327,ARIA-PI,5,0.449959049,"[[80.84576606750488, 100.0, 4.175, 'e']]",6444,0.00026165
A2,1048.474771,63,0.617393646,0.83199054,ARIA-PI,5,0.400581885,"[[81.18182182312012, 100.0, 4.175, 'e']]",5427,7.34E-05
A2,863.5905607,51,0.61744984,0.7901427,ARIA-PI,5,0.451602898,"[[81.73333168029785, 100.0, 4.175, 'e']]",7140,1.72E-05
A2,836.0762802,43,0.617375207,0.797543202,ARIA-PI,5,0.442543353,"[[81.97535037994385, 100.0, 4.175, 'e']]",4889,9.18E-05
A2,1021.468973,59,0.617367918,0.857293991,ARIA-PI,5,0.401382725,"[[81.12036228179932, 100.0, 4.175, 'e']]",247,9.91E-05
A2,1006.081643,57,0.616788217,0.81213033,ARIA-PI,5,0.41746115,"[[82.70137310028076, 100.0, 4.175, 'e']]",9311,0.000678783
A2,1038.738354,58,0.616966703,0.802799907,ARIA-PI,5,0.433217853,"[[82.53901958465576, 100.0, 4.175, 'e']]",7453,0.000500297
A2,900.8673168,49,0.616781596,0.779817833,ARIA-PI,5,0.399614897,"[[82.70695686340332, 100.0, 4.175, 'e']]",4054,0.000685404
A2,976.5340765,56,0.617065787,0.783146513,ARIA-PI,5,0.41985222,"[[80.67580699920654, 100.0, 4.175, 'e']]",742,0.000401213
A2,925.3647577,59,0.615827119,0.792870629,ARIA-PI,5,0.464681626,"[[79.7728443145752, 100.0, 4.175, 'e']]",4945,0.001639881
A2,1024.527993,57,0.617398874,0.804287472,ARIA-PI,5,0.429466059,"[[81.91665172576904, 100.0, 4.175, 'e']]",9623,6.81E-05
A2,892.7178333,52,0.617355178,0.77265378,ARIA-PI,5,0.448069911,"[[82.01925754547119, 100.0, 4.175, 'e']]",5966,0.000111822
A2,1096.861763,61,0.61746512,0.787737381,ARIA-PI,5,0.437612119,"[[81.59905433654785, 100.0, 4.175, 'e']]",3130,1.88E-06
A2,928.276408,49,0.616167817,0.836921666,ARIA-PI,5,0.420133482,"[[83.14159393310547, 100.0, 4.175, 'e']]",6574,0.001299183
A2,737.4559021,45,0.617126071,0.832905287,ARIA-PI,5,0.501724915,"[[80.74485301971436, 100.0, 4.175, 'e']]",9297,0.000340929
A2,948.6267367,50,0.616688631,0.7909879,ARIA-PI,5,0.390037499,"[[82.78267860412598, 100.0, 4.175, 'e']]",6622,0.000778369
A2,823.8638318,47,0.617458312,0.675806634,ARIA-PI,5,0.473379198,"[[81.67865753173828, 100.0, 4.175, 'e']]",5710,8.69E-06
A2,921.2764547,54,0.617214442,0.789456375,ARIA-PI,5,0.434180205,"[[80.85826873779297, 100.0, 4.175, 'e']]",9452,0.000252558
A2,890.7034657,50,0.617437319,0.813683049,ARIA-PI,5,0.460310323,"[[81.79195880889893, 100.0, 4.175, 'e']]",8451,2.97E-05
A2,854.3907961,49,0.617014175,0.817339837,ARIA-PI,5,0.444761345,"[[82.49111652374268, 100.0, 4.175, 'e']]",4203,0.000452825
A2,898.3596638,49,0.617232516,0.824189024,ARIA-PI,5,0.422993168,"[[80.88381290435791, 100.0, 4.175, 'e']]",7692,0.000234484
A2,1106.525088,59,0.61721039,0.811698521,ARIA-PI,5,0.397641233,"[[82.25937366485596, 100.0, 4.175, 'e']]",9181,0.00025661
A2,865.6363341,53,0.614687243,0.806934363,ARIA-PI,5,0.462087812,"[[83.87787818908691, 100.0, 4.175, 'e']]",2103,0.002779757
A2,908.8168969,47,0.617465913,0.809669846,ARIA-PI,5,0.385116079,"[[81.53862953186035, 100.0, 4.175, 'e']]",8879,1.09E-06
A2,878.4490844,49,0.617328691,0.85408573,ARIA-PI,5,0.432580564,"[[81.04055881500244, 100.0, 4.175, 'e']]",5459,0.000138309
A2,854.8962368,54,0.617395268,0.753935712,ARIA-PI,5,0.479590367,"[[81.92619800567627, 100.0, 4.175, 'e']]",1449,7.17E-05
A2,2093.819621,42,0.617461894,0.732396237,SRBA-PI,2,0.195814384,"[[81.46625995635986, 100.0, 4.175, 'e']]",4313,5.11E-06
A2,1638.361372,35,0.615367555,0.658190253,SRBA-PI,2,0.213628084,"[[83.57285499572754, 100.0, 4.175, 'e']]",2929,0.002099445
A2,1942.704724,41,0.616949401,0.744854514,SRBA-PI,2,0.211045969,"[[82.55590915679932, 100.0, 4.175, 'e']]",8313,0.000517599
A2,1772.977863,35,0.616828581,0.706262776,SRBA-PI,2,0.197407992,"[[80.44492244720459, 100.0, 4.175, 'e']]",9494,0.000638419
A2,1947.411075,43,0.617353374,0.724283221,SRBA-PI,2,0.220805974,"[[82.02301025390625, 100.0, 4.175, 'e']]",6444,0.000113626
A2,1235.807233,26,0.615994034,0.680386971,SRBA-PI,2,0.210388799,"[[79.86632347106934, 100.0, 4.175, 'e']]",5427,0.001472966
A2,1613.925018,32,0.617465431,0.73035034,SRBA-PI,2,0.198274391,"[[81.59136295318604, 100.0, 4.175, 'e']]",7140,1.57E-06
A2,1520.721288,29,0.616441109,0.763400123,SRBA-PI,2,0.190698981,"[[82.96464920043945, 100.0, 4.175, 'e']]",4889,0.001025891
A2,1622.499676,34,0.614407682,0.706076615,SRBA-PI,2,0.2095532,"[[83.99232864379883, 100.0, 4.175, 'e']]",247,0.003059318
A2,1740.452643,33,0.616558888,0.737851828,SRBA-PI,2,0.189605848,"[[80.23022174835205, 100.0, 4.175, 'e']]",9311,0.000908112
A2,1421.11492,32,0.616788404,0.706057105,SRBA-PI,2,0.211101858,"[[82.70121574401855, 100.0, 4.175, 'e']]",7453,0.000678596
A2,1604.582466,33,0.617465991,0.754343147,SRBA-PI,2,0.205660978,"[[81.54361248016357, 100.0, 4.175, 'e']]",4054,1.01E-06
A2,1774.164897,37,0.6174647,0.749012199,SRBA-PI,2,0.202912368,"[[81.607666015625, 100.0, 4.175, 'e']]",742,2.30E-06
A2,1908.403067,39,0.617374093,0.704971182,SRBA-PI,2,0.204359345,"[[81.1343002319336, 100.0, 4.175, 'e']]",4945,9.29E-05
A2,1627.109146,32,0.617461542,0.703318766,SRBA-PI,2,0.196667815,"[[81.46254539489746, 100.0, 4.175, 'e']]",9623,5.46E-06
A2,1714.297693,36,0.616440339,0.754271129,SRBA-PI,2,0.209998533,"[[82.96517848968506, 100.0, 4.175, 'e']]",5966,0.001026661
A2,1491.16128,29,0.616758019,0.698399163,SRBA-PI,2,0.194479299,"[[80.38496017456055, 100.0, 4.175, 'e']]",3130,0.000708981
A2,2012.55998,37,0.617437389,0.694450295,SRBA-PI,2,0.183845452,"[[81.79167747497559, 100.0, 4.175, 'e']]",6574,2.96E-05
A2,1827.398562,38,0.617466013,0.747998668,SRBA-PI,2,0.207945879,"[[81.54550552368164, 100.0, 4.175, 'e']]",9297,9.87E-07
A2,1462.227036,27,0.617435657,0.733451409,SRBA-PI,2,0.184649848,"[[81.79868698120117, 100.0, 4.175, 'e']]",6622,3.13E-05
A2,1516.827743,27,0.615469799,0.75077797,SRBA-PI,2,0.178003073,"[[79.5874547958374, 100.0, 4.175, 'e']]",5710,0.001997201
A2,1722.860488,35,0.617148609,0.684791567,SRBA-PI,2,0.203150518,"[[82.33975887298584, 100.0, 4.175, 'e']]",9452,0.000318391
A2,1861.580654,37,0.61745338,0.664788926,SRBA-PI,2,0.198755826,"[[81.71282768249512, 100.0, 4.175, 'e']]",8451,1.36E-05
A2,2250.830642,41,0.615678195,0.690141337,SRBA-PI,2,0.177712171,"[[83.41724872589111, 100.0, 4.175, 'e']]",4203,0.001788805
A2,1766.723849,37,0.617133645,0.71089675,SRBA-PI,2,0.20376699,"[[81.89971446990967, 100.0, 4.166686939927983, 'e']]",7692,0.000333355
A2,1656.686883,30,0.617156162,0.736763451,SRBA-PI,2,0.181084309,"[[82.33037948608398, 100.0, 4.175, 'e']]",9181,0.000310838
A2,2006.073672,39,0.616694455,0.698119261,SRBA-PI,2,0.19440961,"[[82.77807235717773, 100.0, 4.175, 'e']]",2103,0.000772545
A2,1360.100156,27,0.61678274,0.744593732,SRBA-PI,2,0.198514792,"[[80.40561199188232, 100.0, 4.175, 'e']]",8879,0.00068426
A2,1770.666961,32,0.616290526,0.66541273,SRBA-PI,2,0.180722862,"[[80.0464391708374, 100.0, 4.175, 'e']]",5459,0.001176474
A2,1705.38159,31,0.616854094,0.666061792,SRBA-PI,2,0.181777499,"[[80.46741008758545, 100.0, 4.175, 'e']]",1449,0.000612906
A2,2004.476899,44,0.61715381,0.860155309,ARIA-PI,2,0.204542143,"[[82.33331203460693, 100.0, 4.175, 'e']]",4313,0.00031319
A2,1723.559418,45,0.617394794,0.84457207,ARIA-PI,2,0.255285658,"[[81.92743301391602, 100.0, 4.175, 'e']]",2929,7.22E-05
A2,1367.484524,31,0.617286687,0.872613491,ARIA-PI,2,0.219380911,"[[82.14516639709473, 100.0, 4.175, 'e']]",8313,0.000180313
A2,1870.571357,44,0.617375074,0.836100076,ARIA-PI,2,0.229876288,"[[81.97566032409668, 100.0, 4.175, 'e']]",9494,9.19E-05
A2,1689.024376,45,0.617445461,0.860617972,ARIA-PI,2,0.266425995,"[[81.75580501556396, 100.0, 4.175, 'e']]",6444,2.15E-05
A2,1551.516724,40,0.617441435,0.852487423,ARIA-PI,2,0.257812239,"[[81.77443504333496, 100.0, 4.175, 'e']]",5427,2.56E-05
A2,1900.142396,47,0.617463556,0.878142574,ARIA-PI,2,0.231561593,"[[81.62590980529785, 100.0, 4.175, 'e']]",7140,3.44E-06
A2,1545.094753,34,0.617104963,0.874979372,ARIA-PI,2,0.213579134,"[[82.39190578460693, 100.0, 4.175, 'e']]",4889,0.000362037
A2,1304.548132,33,0.616856386,0.832591203,ARIA-PI,2,0.252961153,"[[82.64222621917725, 100.0, 4.175, 'e']]",247,0.000610614
A2,1776.226791,45,0.616823604,0.878299156,ARIA-PI,2,0.242086203,"[[80.44058799743652, 100.0, 4.175, 'e']]",9311,0.000643396
A2,2107.582442,57,0.614331015,0.841934592,ARIA-PI,2,0.256217735,"[[84.02280330657959, 100.0, 4.175, 'e']]",7453,0.003135985
A2,1641.551602,40,0.616725411,0.874099148,ARIA-PI,2,0.231488306,"[[82.75329113006592, 100.0, 4.175, 'e']]",4054,0.000741589
A2,1933.075247,47,0.617319879,0.884103591,ARIA-PI,2,0.227616592,"[[82.08788394927979, 100.0, 4.175, 'e']]",742,0.000147121
A2,1503.707657,36,0.617060995,0.843484075,ARIA-PI,2,0.232758009,"[[82.44133949279785, 100.0, 4.175, 'e']]",4945,0.000406005
A2,1566.505046,38,0.617450525,0.881159894,ARIA-PI,2,0.236194579,"[[81.38273239135742, 100.0, 4.175, 'e']]",9623,1.65E-05
A2,1720.888547,41,0.61743528,0.853960562,ARIA-PI,2,0.22081616,"[[81.31208896636963, 100.0, 4.175, 'e']]",5966,3.17E-05
A2,1745.995394,47,0.617456493,0.855171355,ARIA-PI,2,0.257732639,"[[81.42003536224365, 100.0, 4.175, 'e']]",3130,1.05E-05
A2,2031.446907,46,0.617029506,0.883655164,ARIA-PI,2,0.211671789,"[[82.47511386871338, 100.0, 4.175, 'e']]",6574,0.000437494
A2,1503.379111,37,0.617126849,0.839026786,ARIA-PI,2,0.232808875,"[[82.3661756515503, 100.0, 4.175, 'e']]",9297,0.000340151
A2,1537.219926,37,0.614770038,0.875179701,ARIA-PI,2,0.234189002,"[[83.84290218353271, 100.0, 4.175, 'e']]",6622,0.002696962
A2,1924.146173,45,0.615871464,0.883243209,ARIA-PI,2,0.213081525,"[[83.31357002258301, 100.0, 4.175, 'e']]",5710,0.001595536
A2,1737.29933,45,0.617459948,0.865756578,ARIA-PI,2,0.2475106,"[[81.66498184204102, 100.0, 4.175, 'e']]",9452,7.05E-06
A2,1481.298349,36,0.616984729,0.882342518,ARIA-PI,2,0.229528373,"[[82.52110958099365, 100.0, 4.175, 'e']]",8451,0.000482271
A2,2049.033093,50,0.616219704,0.878181662,ARIA-PI,2,0.22449613,"[[83.10954093933105, 100.0, 4.175, 'e']]",4203,0.001247296
A2,1553.79321,38,0.616385998,0.853240046,ARIA-PI,2,0.244562788,"[[80.10916233062744, 100.0, 4.175, 'e']]",7692,0.001081002
A2,1724.373482,40,0.617274141,0.865975319,ARIA-PI,2,0.226169101,"[[82.16541767120361, 100.0, 4.175, 'e']]",9181,0.000192859
A2,1968.790251,44,0.617447797,0.802600756,ARIA-PI,2,0.208249711,"[[81.74415111541748, 100.0, 4.175, 'e']]",2103,1.92E-05
A2,1451.196762,34,0.61711563,0.858793238,ARIA-PI,2,0.227398523,"[[82.37946510314941, 100.0, 4.175, 'e']]",8879,0.00035137
A2,1393.958646,35,0.617154736,0.850459946,ARIA-PI,2,0.229562047,"[[82.33215808868408, 100.0, 4.175, 'e']]",5459,0.000312264
A2,1719.578911,39,0.616815284,0.85791241,ARIA-PI,2,0.226799711,"[[82.67826080322266, 100.0, 4.175, 'e']]",1449,0.000651716
A2,1849.291312,37,0.61740892,0.789485598,SRIA-PI,2,0.189261691,"[[81.22363567352295, 100.0, 4.175, 'e']]",4313,5.81E-05
A2,1273.498645,31,0.614881567,0.669809357,SRIA-PI,2,0.243423895,"[[83.79493713378906, 100.0, 4.175, 'e']]",2929,0.002585433
A2,1431.071222,26,0.616499833,0.712347786,SRIA-PI,2,0.181682083,"[[82.92366027832031, 100.0, 4.175, 'e']]",8313,0.000967167
A2,1620.700154,34,0.616241522,0.740549694,SRIA-PI,2,0.209785875,"[[83.09586524963379, 100.0, 4.175, 'e']]",9494,0.001225478
A2,1207.26825,27,0.613854898,0.675825228,SRIA-PI,2,0.223645408,"[[78.90498638153076, 100.0, 4.175, 'e']]",6444,0.003612102
A2,1178.545175,26,0.617464173,0.716068237,SRIA-PI,2,0.220610975,"[[81.61675930023193, 100.0, 4.175, 'e']]",5427,2.83E-06
A2,1522.293738,32,0.617465348,0.799293096,SRIA-PI,2,0.210209102,"[[81.59356117248535, 100.0, 4.175, 'e']]",7140,1.65E-06
A2,2080.400968,42,0.617397616,0.726701063,SRIA-PI,2,0.201884159,"[[81.9200086593628, 100.0, 4.175, 'e']]",4889,6.94E-05
A2,1448.830772,33,0.61746119,0.731907288,SRIA-PI,2,0.227769872,"[[81.4589786529541, 100.0, 4.175, 'e']]",247,5.81E-06
A2,1727.991722,37,0.617377273,0.780944257,SRIA-PI,2,0.214121396,"[[81.14165782928467, 100.0, 4.175, 'e']]",9311,8.97E-05
A2,1499.129309,33,0.617248248,0.709187621,SRIA-PI,2,0.220127776,"[[80.90686321258545, 100.0, 4.175, 'e']]",7453,0.000218752
A2,1447.46637,30,0.617387617,0.789528401,SRIA-PI,2,0.207258701,"[[81.94567680358887, 100.0, 4.175, 'e']]",4054,7.94E-05
A2,1757.28844,38,0.617450402,0.79282987,SRIA-PI,2,0.210551661,"[[81.73023700714111, 100.0, 4.175, 'e']]",742,1.66E-05
A2,1290.116302,27,0.61734981,0.675412593,SRIA-PI,2,0.209283457,"[[81.08185291290283, 100.0, 4.175, 'e']]",4945,0.00011719
A2,1882.709797,42,0.617295908,0.803492553,SRIA-PI,2,0.223082708,"[[82.12982654571533, 100.0, 4.175, 'e']]",9623,0.000171092
A2,1552.521339,32,0.616086359,0.746173125,SRIA-PI,2,0.20611633,"[[83.19065570831299, 100.0, 4.175, 'e']]",5966,0.001380641
A2,1341.999903,32,0.617454328,0.79229675,SRIA-PI,2,0.238450092,"[[81.706862449646, 100.0, 4.175, 'e']]",3130,1.27E-05
A2,1913.733128,38,0.617448162,0.779746638,SRIA-PI,2,0.193339392,"[[81.74226760864258, 100.0, 4.175, 'e']]",6574,1.88E-05
A2,1343.22581,32,0.61682961,0.791195918,SRIA-PI,2,0.238232468,"[[80.44581890106201, 100.0, 4.175, 'e']]",9297,0.00063739
A2,1957.604568,42,0.617448888,0.680805325,SRIA-PI,2,0.214547926,"[[81.73845767974854, 100.0, 4.175, 'e']]",6622,1.81E-05
A2,1349.127875,28,0.617447667,0.786351645,SRIA-PI,2,0.207541483,"[[81.74481868743896, 100.0, 4.175, 'e']]",5710,1.93E-05
A2,2163.402058,45,0.617444118,0.676213159,SRIA-PI,2,0.208005719,"[[81.76220893859863, 100.0, 4.175, 'e']]",9452,2.29E-05
A2,1159.125112,23,0.615914738,0.707174213,SRIA-PI,2,0.198425517,"[[83.28951358795166, 100.0, 4.175, 'e']]",8451,0.001552262
A2,1793.025493,35,0.61630623,0.740629071,SRIA-PI,2,0.195200794,"[[83.05457592010498, 100.0, 4.175, 'e']]",4203,0.00116077
A2,1721.171343,38,0.617284118,0.698874271,SRIA-PI,2,0.214969882,"[[80.96275329589844, 100.0, 4.175, 'e']]",7692,0.000182882
A2,1768.803818,35,0.617368025,0.758061815,SRIA-PI,2,0.197873838,"[[81.12060070037842, 100.0, 4.175, 'e']]",9181,9.90E-05
A2,2156.895879,47,0.616076996,0.719187519,SRIA-PI,2,0.217905743,"[[79.91474628448486, 100.0, 4.175, 'e']]",2103,0.001390004
A2,1621.616317,32,0.617459565,0.751105718,SRIA-PI,2,0.197333979,"[[81.66833877563477, 100.0, 4.175, 'e']]",8879,7.44E-06
A2,1407.029065,29,0.61664693,0.759271665,SRIA-PI,2,0.206108038,"[[80.29630184173584, 100.0, 4.175, 'e']]",5459,0.00082007
A2,1561.55268,32,0.616235843,0.759058456,SRIA-PI,2,0.204924242,"[[83.09943675994873, 100.0, 4.175, 'e']]",1449,0.001231157
A2,2226.895523,42,0.617449408,0.720036267,SRBA,2,0.18860337,"[[81.37661457061768, 100.0, 4.175, 'e']]",4313,1.76E-05
A2,1861.696214,42,0.617466044,0.716623666,SRBA,2,0.225600717,"[[81.56352996826172, 100.0, 4.175, 'e']]",2929,9.56E-07
A2,1481.364378,32,0.617413335,0.761553891,SRBA,2,0.216017075,"[[81.87551498413086, 100.0, 4.175, 'e']]",8313,5.37E-05
A2,1683.935911,36,0.616876196,0.697603566,SRBA,2,0.213784858,"[[82.62442588806152, 100.0, 4.175, 'e']]",9494,0.000590804
A2,1609.465178,38,0.617465273,0.711749842,SRBA,2,0.236103275,"[[81.59546375274658, 100.0, 4.175, 'e']]",6444,1.73E-06
A2,1581.471981,34,0.617465801,0.722155882,SRBA,2,0.214989582,"[[81.57902717590332, 100.0, 4.175, 'e']]",5427,1.20E-06
A2,1587.276363,32,0.61689269,0.769754144,SRBA,2,0.201603204,"[[82.60937690734863, 100.0, 4.175, 'e']]",7140,0.00057431
A2,1968.638716,40,0.61746106,0.679192839,SRBA,2,0.203186088,"[[81.45769596099854, 100.0, 4.175, 'e']]",4889,5.94E-06
A2,1626.440083,38,0.617463556,0.745081562,SRBA,2,0.233639102,"[[81.62590503692627, 100.0, 4.175, 'e']]",247,3.44E-06
A2,1949.856727,44,0.617463731,0.74497382,SRBA,2,0.225657605,"[[81.62344455718994, 100.0, 4.175, 'e']]",9311,3.27E-06
A2,1771.115875,39,0.6174409,0.707219138,SRBA,2,0.220200161,"[[81.33548736572266, 100.0, 4.175, 'e']]",7453,2.61E-05
A2,1750.064217,36,0.617463293,0.756104566,SRBA,2,0.205706737,"[[81.482834815979, 100.0, 4.175, 'e']]",4054,3.71E-06
A2,2005.859268,42,0.617452013,0.725722849,SRBA,2,0.209386574,"[[81.39124393463135, 100.0, 4.175, 'e']]",742,1.50E-05
A2,1818.103717,40,0.617448556,0.713528096,SRBA,2,0.220009451,"[[81.74020767211914, 100.0, 4.175, 'e']]",4945,1.84E-05
A2,1694.243873,38,0.617419571,0.728399711,SRBA,2,0.224288844,"[[81.25622272491455, 100.0, 4.175, 'e']]",9623,4.74E-05
A2,1778.984922,38,0.616086632,0.769909984,SRBA,2,0.213604958,"[[83.1904935836792, 100.0, 4.175, 'e']]",5966,0.001380368
A2,2263.418359,48,0.617463766,0.690057541,SRBA,2,0.212068617,"[[81.62293910980225, 100.0, 4.175, 'e']]",3130,3.23E-06
A2,2038.796394,40,0.617442104,0.70928866,SRBA,2,0.196194187,"[[81.77145481109619, 100.0, 4.175, 'e']]",6574,2.49E-05
A2,2280.692523,46,0.61746587,0.647655004,SRBA,2,0.201693124,"[[81.53640270233154, 100.0, 4.175, 'e']]",9297,1.13E-06
A2,1576.999774,32,0.617307372,0.755752846,SRBA,2,0.20291696,"[[81.00198268890381, 100.0, 4.175, 'e']]",6622,0.000159628
A2,1784.523784,34,0.617466066,0.722710731,SRBA,2,0.190527021,"[[81.55284881591797, 100.0, 4.175, 'e']]",5710,9.34E-07
A2,1837.765482,40,0.617464614,0.719580367,SRBA,2,0.217655628,"[[81.50306224822998, 100.0, 4.175, 'e']]",9452,2.39E-06
A2,1897.007584,38,0.617463174,0.67248931,SRBA,2,0.200315488,"[[81.6310167312622, 100.0, 4.175, 'e']]",8451,3.83E-06
A2,1890.675811,35,0.617465481,0.709078984,SRBA,2,0.185118992,"[[81.52235507965088, 100.0, 4.175, 'e']]",4203,1.52E-06
A2,2140.764777,48,0.61746589,0.696374125,SRBA,2,0.224218936,"[[81.53738498687744, 100.0, 4.175, 'e']]",7692,1.11E-06
A2,1991.130023,40,0.61733864,0.700100891,SRBA,2,0.200890949,"[[81.05958461761475, 100.0, 4.175, 'e']]",9181,0.00012836
A2,2230.433855,44,0.617446842,0.698057966,SRBA,2,0.197271037,"[[81.36328220367432, 100.0, 4.175, 'e']]",2103,2.02E-05
A2,1460.17618,30,0.617465566,0.730402078,SRBA,2,0.20545466,"[[81.52488231658936, 100.0, 4.175, 'e']]",8879,1.43E-06
A2,1624.938837,32,0.617425498,0.758487554,SRBA,2,0.196930489,"[[81.27598762512207, 100.0, 4.175, 'e']]",5459,4.15E-05
A2,1471.032722,30,0.61657428,0.709635081,SRBA,2,0.203938359,"[[82.86986827850342, 100.0, 4.175, 'e']]",1449,0.00089272
A2,2003.908448,46,0.617457882,0.873593253,ARIA,2,0.229551405,"[[81.43028736114502, 100.0, 4.175, 'e']]",4313,9.12E-06
A2,1513.864191,42,0.617466048,0.86186488,ARIA,2,0.277435719,"[[81.54931545257568, 100.0, 4.175, 'e']]",2929,9.52E-07
A2,1451.82004,31,0.617461757,0.851801517,ARIA,2,0.213525087,"[[81.46479606628418, 100.0, 4.175, 'e']]",8313,5.24E-06
A2,1933.172938,46,0.617447426,0.870414288,ARIA,2,0.237950776,"[[81.74604415893555, 100.0, 4.175, 'e']]",9494,1.96E-05
A2,1874.948679,46,0.617431115,0.872651165,ARIA,2,0.245340049,"[[81.29610538482666, 100.0, 4.175, 'e']]",6444,3.59E-05
A2,1901.134188,48,0.611420524,0.867002849,ARIA,2,0.252480863,"[[78.1197452545166, 100.0, 4.175, 'e']]",5427,0.006046476
A2,1948.346248,44,0.616889114,0.866798386,ARIA,2,0.225832549,"[[82.61265754699707, 100.0, 4.175, 'e']]",7140,0.000577886
A2,1624.065522,38,0.617414143,0.866107583,ARIA,2,0.233980708,"[[81.87305927276611, 100.0, 4.175, 'e']]",4889,5.29E-05
A2,1521.089777,40,0.616186546,0.829204192,ARIA,2,0.262969357,"[[79.9809455871582, 100.0, 4.175, 'e']]",247,0.001280454
A2,1994.845532,50,0.617091723,0.864573967,ARIA,2,0.250645973,"[[82.4070930480957, 100.0, 4.175, 'e']]",9311,0.000375277
A2,1558.074388,41,0.617461544,0.825858379,ARIA,2,0.263145331,"[[81.64973258972168, 100.0, 4.175, 'e']]",7453,5.46E-06
A2,1947.310927,46,0.617465879,0.862511388,ARIA,2,0.23622319,"[[81.53681755065918, 100.0, 4.175, 'e']]",4054,1.12E-06
A2,2052.621155,50,0.616871598,0.869667836,ARIA,2,0.243590981,"[[82.62858390808105, 100.0, 4.175, 'e']]",742,0.000595402
A2,1588.978591,39,0.617211954,0.874180883,ARIA,2,0.245440689,"[[80.85482597351074, 100.0, 4.175, 'e']]",4945,0.000255046
A2,1795.173784,41,0.617138128,0.86578472,ARIA,2,0.228390145,"[[80.75937747955322, 100.0, 4.175, 'e']]",9623,0.000328872
A2,1744.540329,42,0.615942385,0.873126584,ARIA,2,0.240751098,"[[82.59279727935791, 100.0, 4.145331379093533, 'e']]",5966,0.001524615
A2,1463.803479,36,0.617423436,0.839952547,ARIA,2,0.245934653,"[[81.84330463409424, 100.0, 4.175, 'e']]",3130,4.36E-05
A2,2127.546143,50,0.61695252,0.87704781,ARIA,2,0.235012529,"[[82.55288600921631, 100.0, 4.175, 'e']]",6574,0.00051448
A2,1568.207848,41,0.617434688,0.860818631,ARIA,2,0.261444936,"[[81.80252075195312, 100.0, 4.175, 'e']]",9297,3.23E-05
A2,1546.910103,36,0.616735652,0.874596658,ARIA,2,0.232721992,"[[82.74497985839844, 100.0, 4.175, 'e']]",6622,0.000731348
A2,2197.343723,53,0.617410444,0.875284713,ARIA,2,0.241200316,"[[81.22809886932373, 100.0, 4.175, 'e']]",5710,5.66E-05
A2,1962.575429,47,0.617466034,0.855376703,ARIA,2,0.239481241,"[[81.5646743774414, 100.0, 4.175, 'e']]",9452,9.66E-07
A2,1573.296559,38,0.617447194,0.881273684,ARIA,2,0.241531069,"[[81.74723148345947, 100.0, 4.175, 'e']]",8451,1.98E-05
A2,1962.3239,45,0.616345959,0.882981472,ARIA,2,0.22931994,"[[83.02865505218506, 100.0, 4.175, 'e']]",4203,0.001121041
A2,1939.391007,49,0.617434321,0.860750178,ARIA,2,0.252656632,"[[81.30831718444824, 100.0, 4.175, 'e']]",7692,3.27E-05
A2,2151.222418,49,0.617457591,0.877022996,ARIA,2,0.22777747,"[[81.42807483673096, 100.0, 4.175, 'e']]",9181,9.41E-06
A2,2027.712253,47,0.616854903,0.847462177,ARIA,2,0.231788312,"[[82.64354705810547, 100.0, 4.175, 'e']]",2103,0.000612097
A2,1802.046718,39,0.617409792,0.859447892,ARIA,2,0.216420582,"[[81.8860673904419, 100.0, 4.175, 'e']]",8879,5.72E-05
A2,1533.75979,37,0.617465068,0.868728394,ARIA,2,0.241237254,"[[81.60020351409912, 100.0, 4.175, 'e']]",5459,1.93E-06
A2,2053.59226,49,0.616804751,0.854618595,ARIA,2,0.238606275,"[[80.42431831359863, 100.0, 4.175, 'e']]",1449,0.000662249
A2,1651.019997,34,0.617457007,0.797366374,SRIA,2,0.205933302,"[[81.68856143951416, 100.0, 4.175, 'e']]",4313,9.99E-06
A2,1587.561357,40,0.617466047,0.761819942,SRIA,2,0.251958766,"[[81.56311988830566, 100.0, 4.175, 'e']]",2929,9.53E-07
A2,1633.515212,38,0.617033018,0.762851456,SRIA,2,0.232627157,"[[82.47140884399414, 100.0, 4.175, 'e']]",8313,0.000433982
A2,1852.596036,38,0.617389794,0.71291393,SRIA,2,0.205117572,"[[81.17199420928955, 100.0, 4.175, 'e']]",9494,7.72E-05
A2,2279.457791,50,0.61746374,0.711806739,SRIA,2,0.21935041,"[[81.48898601531982, 100.0, 4.175, 'e']]",6444,3.26E-06
A2,1531.162473,34,0.617465875,0.752369672,SRIA,2,0.222053509,"[[81.57567977905273, 100.0, 4.175, 'e']]",5427,1.13E-06
A2,1907.730066,42,0.617461435,0.749785643,SRIA,2,0.220156933,"[[81.46144390106201, 100.0, 4.175, 'e']]",7140,5.57E-06
A2,1789.131797,38,0.615837156,0.770025768,SRIA,2,0.21239352,"[[79.77832794189453, 100.0, 4.175, 'e']]",4889,0.001629844
A2,1619.181667,36,0.6172954,0.744083653,SRIA,2,0.222334533,"[[80.98145008087158, 100.0, 4.175, 'e']]",247,0.0001716
A2,2012.416234,44,0.617444444,0.764539895,SRIA,2,0.218642641,"[[81.3516092300415, 100.0, 4.175, 'e']]",9311,2.26E-05
A2,1623.542351,36,0.617448544,0.734906551,SRIA,2,0.221737363,"[[81.74026489257812, 100.0, 4.175, 'e']]",7453,1.85E-05
A2,1893.375992,40,0.617462035,0.737248627,SRIA,2,0.211262846,"[[81.64451122283936, 100.0, 4.175, 'e']]",4054,4.97E-06
A2,1804.881283,40,0.617417905,0.784084917,SRIA,2,0.221621225,"[[81.86136245727539, 100.0, 4.175, 'e']]",742,4.91E-05
A2,1738.300346,38,0.617463405,0.755167292,SRIA,2,0.21860434,"[[81.62796974182129, 100.0, 4.175, 'e']]",4945,3.60E-06
A2,1566.195897,36,0.616984078,0.773756298,SRIA,2,0.229856304,"[[80.59004783630371, 100.0, 4.175, 'e']]",9623,0.000482922
A2,1987.760853,42,0.617463059,0.731785174,SRIA,2,0.211293023,"[[81.479811668396, 100.0, 4.175, 'e']]",5966,3.94E-06
A2,1868.780645,42,0.617458678,0.737553849,SRIA,2,0.224745478,"[[81.6757345199585, 100.0, 4.175, 'e']]",3130,8.32E-06
A2,1892.46922,38,0.617441415,0.760905935,SRIA,2,0.200795868,"[[81.77452564239502, 100.0, 4.175, 'e']]",6574,2.56E-05
A2,1982.608736,43,0.617463017,0.71940643,SRIA,2,0.21688596,"[[81.63301467895508, 100.0, 4.175, 'e']]",9297,3.98E-06
A2,1875.587164,38,0.617412122,0.743307077,SRIA,2,0.202603221,"[[81.8791675567627, 100.0, 4.175, 'e']]",6622,5.49E-05
A2,1725.078883,36,0.617465724,0.761579642,SRIA,2,0.208686109,"[[81.58210277557373, 100.0, 4.175, 'e']]",5710,1.28E-06
A2,1678.435371,38,0.617463582,0.753840581,SRIA,2,0.22640133,"[[81.6255521774292, 100.0, 4.175, 'e']]",9452,3.42E-06
A2,1785.946833,40,0.61745959,0.691467468,SRIA,2,0.223970833,"[[81.44417762756348, 100.0, 4.175, 'e']]",8451,7.41E-06
A2,2028.523089,42,0.617279338,0.774011419,SRIA,2,0.207047187,"[[80.95500469207764, 100.0, 4.175, 'e']]",4203,0.000187662
A2,1633.365629,40,0.617465974,0.76218194,SRIA,2,0.244893117,"[[81.56992435455322, 100.0, 4.175, 'e']]",7692,1.03E-06
A2,1721.147732,38,0.617130092,0.7948064,SRIA,2,0.220782907,"[[82.36229419708252, 100.0, 4.175, 'e']]",9181,0.000336908
A2,2116.243336,46,0.617461552,0.72303076,SRIA,2,0.217366308,"[[81.46264553070068, 100.0, 4.175, 'e']]",2103,5.45E-06
A2,1370.248044,30,0.614473222,0.767433639,SRIA,2,0.218938463,"[[79.14374351501465, 100.0, 4.175, 'e']]",8879,0.002993778
A2,1506.743025,34,0.617233283,0.777641268,SRIA,2,0.225652281,"[[82.22714900970459, 100.0, 4.175, 'e']]",5459,0.000233717
A2,1612.33763,34,0.616537979,0.701015454,SRIA,2,0.210873947,"[[82.89636611938477, 100.0, 4.175, 'e']]",1449,0.000929021
